{"0":{"20":140.6450417827,"21":139.6209192201,"19":139.5954038997,"22":138.1905571031,"18":135.6005571031,"23":133.6786908078,"17":129.8324512535,"9":129.2533425414,"10":128.5898895028,"24":127.6636490251,"8":127.3657734807,"11":126.8856906077,"16":126.1591643454,"15":124.4562952646,"12":123.1680662983,"14":122.3771030641,"7":122.048121547,"1":121.7398066298,"13":121.5003342618,"2":116.3096132597,"6":114.1981491713,"3":111.9210220994,"4":109.3601104972,"5":109.0843370166}}
